block_index,sender,receiver,amount,hash,prev_hash,status,created_at
1,GENESIS,wbank,1000000,e6eaaef7bf5ef7a6d853c84c3569e483e90ebb6d3ab85708f061de98fc736291,GENESIS,SUCCESS,2026-06-27 17:19:09.252747
2,ben,wtech,1,dc37df4aabc69525ccc488988ec47703b217c02bb2c70fd0081e3a32c2795641,e6eaaef7bf5ef7a6d853c84c3569e483e90ebb6d3ab85708f061de98fc736291,SUCCESS,2026-06-27 09:59:41.471897
4,ben,wtech,10,e093a1f7f2b23b3d0d13c4defd81c8d7bb40deef6b72eb24894753fb849eace0,dc37df4aabc69525ccc488988ec47703b217c02bb2c70fd0081e3a32c2795641,SUCCESS,2026-06-27 10:02:52.069324
6,ben,ben,5,fd9f22f164767f6400f9d16e2bee8e5aade681ea3852d9748c2c23eaf9a3ee53,e093a1f7f2b23b3d0d13c4defd81c8d7bb40deef6b72eb24894753fb849eace0,SUCCESS,2026-06-27 11:02:54.285789
7,GENESIS,ben,10000,832b58810fb83c22e44b18ce9445f9b22f60d5a9fbd087e9f7fd0d97ec93e07a,fd9f22f164767f6400f9d16e2bee8e5aade681ea3852d9748c2c23eaf9a3ee53,SUCCESS,2026-06-27 19:07:00.232371
8,ben,ben,0,b79384e0716e2f1e1bc708a0e50f0792992d4d37795d7e4f1be0f9d9c122604b,832b58810fb83c22e44b18ce9445f9b22f60d5a9fbd087e9f7fd0d97ec93e07a,SUCCESS,2026-06-27 11:10:15.320284
9,ben,ben,1,fc3b5e2f593967d3336b9548a6edb52f8399e8c43b2e3bd00dbcef36249fdad4,b79384e0716e2f1e1bc708a0e50f0792992d4d37795d7e4f1be0f9d9c122604b,SUCCESS,2026-06-27 11:10:16.331336
10,wangtry,ben,10000,41778986d25f47c7f8aba1917fcc6dfcd3d5aeca37d79be429d5d53844fbe814,fc3b5e2f593967d3336b9548a6edb52f8399e8c43b2e3bd00dbcef36249fdad4,SUCCESS,2026-06-27 11:28:08.540694
11,wangtry,ben,10000,3687764998f2904e1b2bccdc0c87b0dc2ad5448b6c1da66d66ff00540ed29f85,41778986d25f47c7f8aba1917fcc6dfcd3d5aeca37d79be429d5d53844fbe814,SUCCESS,2026-06-27 11:45:13.424451
12,SYSTEM,ben,20000,87690754554e5f7ee8ebf6a2d17bd8ddf09639351e09aa6098c9fb3dd9111f3f,3687764998f2904e1b2bccdc0c87b0dc2ad5448b6c1da66d66ff00540ed29f85,SUCCESS,2026-06-27 20:05:42.314471
13,wangtry,ben,5000,af5f5946bac45d34bc8a4e5402f71ef11222d9996ba4601fea34c1ca15b3f1da,87690754554e5f7ee8ebf6a2d17bd8ddf09639351e09aa6098c9fb3dd9111f3f,SUCCESS,2026-06-28 12:09:47.427949
14,wangtry,ben,10,0d97e674b7bb2fc017fa40d76e156558004c4f0eacd43f3767599f07b23351f3,aacf9f6330fc9496798b2f9fe267ecca8ad964b1219b98dc62b708329d5bceea,SUCCESS,2026-06-28 16:54:53.947629
15,wangtry,ben,1000,9801b7e709c67a9680b2100c3eb2de4ff506d09a6fdc2cc169fe7372994919d8,a8bb78d50e2aeb071c655a6f7fa2771bbda48895994d9b351b87034940e9ccee,SUCCESS,2026-06-28 17:56:57.500332
16,wangtry,ben,10,16ca92a2c645e03827bd9f9a0e1303447b883237895e3d04614938c55b9d5a03,9801b7e709c67a9680b2100c3eb2de4ff506d09a6fdc2cc169fe7372994919d8,SUCCESS,2026-06-28 18:15:08.836862
17,wangtry,ben,10,f694ab089a4a3d8ac062f3d6892b3d60d6935856d2eeee4a859e57eff6727ff1,16ca92a2c645e03827bd9f9a0e1303447b883237895e3d04614938c55b9d5a03,SUCCESS,2026-06-28 18:20:08.287014
18,wangtry,ben,10,139151aa0bb2775111d5ef5ddc537c2e68330af7eef5a92f72d384614546e573,f694ab089a4a3d8ac062f3d6892b3d60d6935856d2eeee4a859e57eff6727ff1,SUCCESS,2026-06-28 18:31:25.679048
19,wangtry,ben,10000,fed5ec61086ba456603162dbe3029b036ecc677c8ff366b15cff748e6b8885e3,139151aa0bb2775111d5ef5ddc537c2e68330af7eef5a92f72d384614546e573,SUCCESS,2026-06-28 18:32:27.290740
20,wangtry,ben,10000,88bf0793a97a67b3bcabdc757ce17c7ad5b2f984496c9d51bea20f2c4ebef124,fed5ec61086ba456603162dbe3029b036ecc677c8ff366b15cff748e6b8885e3,SUCCESS,2026-06-28 18:36:14.201244
21,wangtry,ben,10000,9dc79b68f1539f04efb2d42bcfe5672c47cc5e2ea32febdd48fc1a13b19898cd,88bf0793a97a67b3bcabdc757ce17c7ad5b2f984496c9d51bea20f2c4ebef124,SUCCESS,2026-06-28 18:41:18.618451
22,ben,wangtry,1000,261e99684853b83772ba1643085c87fb709fb1e010bf858e4a38cba204bcde54,9dc79b68f1539f04efb2d42bcfe5672c47cc5e2ea32febdd48fc1a13b19898cd,SUCCESS,2026-06-28 18:42:39.651136
23,ben,wangtry,1000,95535d647bf58aa9b995cf69e13962ed09b8a9960e1cc1581f2f9bf23badf5bd,261e99684853b83772ba1643085c87fb709fb1e010bf858e4a38cba204bcde54,SUCCESS,2026-06-28 18:43:39.934814
24,ben,store1,1000,0143c6d9beffe3f7add5202f35e2ebae2a65babce8b286f80b9dc253c8ed59d3,95535d647bf58aa9b995cf69e13962ed09b8a9960e1cc1581f2f9bf23badf5bd,SUCCESS,2026-06-28 19:09:25.413189
25,ben,wtech(hk),2000,9a76e6a027288bc4831160cff106929e07190bdc7aa141a511ee01286eb73e01,0143c6d9beffe3f7add5202f35e2ebae2a65babce8b286f80b9dc253c8ed59d3,SUCCESS,2026-06-28 19:11:57.957462
26,ben,wtech(hk),1000,03234ad84be5e0a97ad3957916468c1c63ba725168ac18ea3067a7036a96f0b6,9a76e6a027288bc4831160cff106929e07190bdc7aa141a511ee01286eb73e01,SUCCESS,2026-06-28 19:39:21.373707
27,ben,wtech(hk),1000,a0c1ac2fc13e01853f5221ad5136a37c9b35fffaa237e06b147058bedb19501b,03234ad84be5e0a97ad3957916468c1c63ba725168ac18ea3067a7036a96f0b6,SUCCESS,2026-06-28 19:41:28.742670
28,ben,wangtry,100,ee8ba525bc568cdb7a4ce50cecf21658f766b3fbc1ff8dd4abe0a86814d157f4,a0c1ac2fc13e01853f5221ad5136a37c9b35fffaa237e06b147058bedb19501b,SUCCESS,2026-06-28 19:43:53.318222
29,ben,wangtry,1000,7675ebe69f86daf36f6a73a7a4e99093bfb11600dca1ad10a760266665ac41c5,ee8ba525bc568cdb7a4ce50cecf21658f766b3fbc1ff8dd4abe0a86814d157f4,SUCCESS,2026-06-28 19:44:18.994493
30,ben,wangtry,1000,3b9db92829d0d838ebe0ec540d36ef1cd143cdf661d1cf6b3dbba49d7fe8f8b7,609a5809dbbff23e37727516dea06029dab958caad31cd73a55e23b57f1e6cde,SUCCESS,2026-06-28 21:11:18.147620
31,wangtry,ben,1,4e66a75567b6f240be156c39cecdff7d194b311cb4897130e633a508cb9a9b21,3b9db92829d0d838ebe0ec540d36ef1cd143cdf661d1cf6b3dbba49d7fe8f8b7,SUCCESS,2026-06-28 21:13:25.875988
32,wangtry,ben,5000,3835367fcc427a0950073b7704adc69f142a60b2211ffe2a5bf0965490a83d41,4e66a75567b6f240be156c39cecdff7d194b311cb4897130e633a508cb9a9b21,SUCCESS,2026-06-28 21:16:12.743533
33,wangtry,ben,3000,7e2fd72cf543a02b50313b4108332ab590a0e06194f59233383727f77a87adae,3835367fcc427a0950073b7704adc69f142a60b2211ffe2a5bf0965490a83d41,SUCCESS,2026-06-28 21:16:58.673412
34,ben,wangtry,500,17ff0756707f3370f4577740db43747bf3f87935ce100e230eeb08aeebb4fe21,7e2fd72cf543a02b50313b4108332ab590a0e06194f59233383727f77a87adae,SUCCESS,2026-06-28 21:19:42.730227
35,wangtry,ben,1,837c21917d4589d98f1446a3b28d65a57250bd8ea494fd0bcb1cad964e71db41,17ff0756707f3370f4577740db43747bf3f87935ce100e230eeb08aeebb4fe21,SUCCESS,2026-06-28 13:25:00.786791
36,ben,wangtry,500,80b983238ba2d555f231e001a7efdb69227a49294fb1dcb445941ba43f6f6938,837c21917d4589d98f1446a3b28d65a57250bd8ea494fd0bcb1cad964e71db41,SUCCESS,2026-06-28 13:29:05.187800
37,ben,wangtry,500,fc8e342cf2ec605af9a592d8eb2731e547300deeea8b532cbc9d482a021eb95c,80b983238ba2d555f231e001a7efdb69227a49294fb1dcb445941ba43f6f6938,SUCCESS,2026-06-28 13:30:38.397865
38,wangtry,ben,500,57a87afe7484878781362f151d4df77de1154fe251235b1777dddc9eaec2092f,fc8e342cf2ec605af9a592d8eb2731e547300deeea8b532cbc9d482a021eb95c,SUCCESS,2026-06-28 13:33:01.696111
39,ben,wangtry,10000,f306d7edc771bc4e4b875a41e82cd7abc8dd4d31ae5f365b7a20af79f7550697,57a87afe7484878781362f151d4df77de1154fe251235b1777dddc9eaec2092f,SUCCESS,2026-06-28 13:34:04.622702
40,ben,wangtry,20000,cb2f2d23a6bb2652e702d4e7fa401f37d8ce36c287208d8937ed9500829f1f26,f306d7edc771bc4e4b875a41e82cd7abc8dd4d31ae5f365b7a20af79f7550697,SUCCESS,2026-06-28 22:43:35.390059
41,ben,wangtry,1000,180c7b739a95c8af63f4007c67fd243d57b6116c13c74cea1a624460cb5ffe0d,cb2f2d23a6bb2652e702d4e7fa401f37d8ce36c287208d8937ed9500829f1f26,SUCCESS,2026-06-29 05:29:52.070144
42,ben,wangtry,9000,32357e6192be942cb6ff3136d9d182766a2a060c46f6f7ea3b55cc1c9a657934,180c7b739a95c8af63f4007c67fd243d57b6116c13c74cea1a624460cb5ffe0d,SUCCESS,2026-06-29 05:30:43.762645
43,ben,wangtry,10000,f90924816affd7579a00e71385a639f652ab9580e3e417d47a7832f8d7e85ca5,32357e6192be942cb6ff3136d9d182766a2a060c46f6f7ea3b55cc1c9a657934,SUCCESS,2026-06-29 05:32:05.176899
44,ben,wangtry,1000,887f5db9428fa4c9112ae4ff5c3d813d07ec153df3eeb2772692bbb1681222b0,f90924816affd7579a00e71385a639f652ab9580e3e417d47a7832f8d7e85ca5,SUCCESS,2026-06-29 10:43:34.542843
45,wangtry,wtech(hk),1000,37168c82f9ba97927abe0649d4a7bf52538bf4864d1592eb2aa4db72429dc22e,887f5db9428fa4c9112ae4ff5c3d813d07ec153df3eeb2772692bbb1681222b0,SUCCESS,2026-06-29 10:44:17.218746
46,ben,wangtry,20000,364ae91fa96c28ae8a27013659026c3cdb58229be9fada41efac3224de2c79e6,37168c82f9ba97927abe0649d4a7bf52538bf4864d1592eb2aa4db72429dc22e,SUCCESS,2026-06-29 10:50:37.606519
47,ben,wangtry,50000,ded8cd68cbbeaff3d6349d5bf70f7c94c0f6fe140019a0f4cacd7c2716cbb68b,364ae91fa96c28ae8a27013659026c3cdb58229be9fada41efac3224de2c79e6,SUCCESS,2026-06-29 10:55:38.337363
48,ben,wangtry,2000,e0684ced44e9e21ac3b4543c0308b55f43883fbad0cbe4975d9c95fd6e4427a6,ded8cd68cbbeaff3d6349d5bf70f7c94c0f6fe140019a0f4cacd7c2716cbb68b,SUCCESS,2026-06-29 11:59:21.676492
49,wangtry,ben,10000,ef4e0a163ea4df4fd99978a0d5b16a267bb5598d8b600c69b0247fee354ed3cd,e0684ced44e9e21ac3b4543c0308b55f43883fbad0cbe4975d9c95fd6e4427a6,SUCCESS,2026-06-29 12:07:22.556139
